"film_id","title","inventories"
193,"Crossroads Casualties","8"
789,"Shock Cabin","8"
730,"Ridgemont Submarine","8"
378,"Greatest North","8"
595,"Moon Bunch","8"
849,"Storm Happiness","8"
231,"Dinosaur Secretary","8"
586,"Mockingbird Hollywood","8"
69,"Beverly Outlaw","8"
764,"Saturday Lambs","8"
745,"Roses Treasure","8"
1,"Academy Dinosaur","8"
767,"Scalawag Duck","8"
369,"Goodfellas Salute","8"
738,"Rocketeer Mother","8"
638,"Operation Operation","8"
31,"Apache Divine","8"
356,"Giant Troopers","8"
199,"Cupboard Sinners","8"
683,"Pity Bound","8"
127,"Cat Coneheads","8"
609,"Muscle Bright","8"
403,"Harry Idaho","8"
174,"Confidential Interview","8"
266,"Dynamite Tarzan","8"
109,"Butterfly Chocolat","8"
434,"Horror Reign","8"
220,"Deer Virginian","8"
239,"Dogma Family","8"
873,"Sweethearts Suspects","8"
893,"Titans Jerk","8"
468,"Invasion Cyclone","8"
525,"Loathing Legally","8"
897,"Torque Bound","8"
697,"Primary Glass","8"
835,"Spy Mile","8"
773,"Seabiscuit Punk","8"
945,"Virginian Pluto","8"
444,"Hustler Party","8"
412,"Heavyweights Beast","8"
880,"Telemark Heartbreakers","8"
846,"Sting Personal","8"
331,"Forward Temple","8"
911,"Trip Newton","8"
621,"Network Peak","8"
301,"Family Sweet","8"
1000,"Zorro Ark","8"
361,"Gleaming Jawbreaker","8"
91,"Bound Cheaper","8"
200,"Curtain Videotape","8"
358,"Gilmore Boiled","8"
973,"Wife Turn","8"
350,"Garden Island","8"
559,"Married Go","8"
86,"Boogie Amelie","8"
489,"Juggler Hardly","8"
382,"Grit Clockwork","8"
702,"Pulp Beverly","8"
531,"Lose Inch","8"
856,"Streetcar Intentions","8"
870,"Swarm Gold","8"
295,"Expendable Stallion","8"
206,"Dancing Fever","8"
73,"Bingo Talented","8"
418,"Hobbit Alien","8"
460,"Innocent Usual","8"
103,"Bucket Brotherhood","8"
341,"Frost Head","8"
748,"Rugrats Shakespeare","8"
500,"Kiss Glory","8"
753,"Rush Goodfellas","8"
572,"Metropolis Coma","8"
274,"Egg Igby","7"
845,"Stepmom Dream","7"
951,"Voyage Legally","7"
979,"Witches Panic","7"
755,"Sabrina Midnight","7"
556,"Maltese Hope","7"
790,"Shootist Superfly","7"
320,"Flamingos Connecticut","7"
115,"Campus Remember","7"
670,"Pelican Comforts","7"
891,"Timberland Sky","7"
554,"Malkovich Pet","7"
555,"Mallrats United","7"
833,"Splendor Patton","7"
244,"Dorado Notting","7"
816,"Snowman Rollercoaster","7"
985,"Wonderland Christmas","7"
810,"Slums Duck","7"
698,"Princess Giant","7"
993,"Wrong Behavior","7"
37,"Arizona Bang","7"
228,"Detective Vision","7"
273,"Effect Gladiator","7"
563,"Massacre Usual","7"
869,"Suspects Quills","7"
311,"Fiction Christmas","7"
172,"Coneheads Smoochy","7"
409,"Heartbreakers Bright","7"
922,"Undefeated Dalmations","7"
521,"Lies Treatment","7"
443,"Hurricane Affair","7"
247,"Downhill Enough","7"
22,"Amistad Midsummer","7"
814,"Snatch Slipper","7"
397,"Hanky October","7"
376,"Grapes Fury","7"
941,"Videotape Arsenic","7"
786,"Shepherd Midsummer","7"
119,"Caper Motions","7"
720,"Redemption Comforts","7"
715,"Range Moonwalker","7"
391,"Half Outfield","7"
579,"Minds Truman","7"
450,"Idols Snatchers","7"
122,"Carrie Bunch","7"
349,"Gangs Pride","7"
39,"Armageddon Lost","7"
804,"Sleeping Suspects","7"
114,"Camelot Vacation","7"
850,"Story Side","7"
590,"Money Harold","7"
863,"Sun Confessions","7"
285,"English Bulworth","7"
317,"Fireball Philadelphia","7"
901,"Tracy Cider","7"
467,"Intrigue Worst","7"
823,"South Wait","7"
476,"Jason Trap","7"
218,"Deceiver Betrayed","7"
35,"Arachnophobia Rollercoaster","7"
374,"Graffiti Love","7"
135,"Chance Resurrection","7"
10,"Aladdin Calendar","7"
852,"Strangelove Desire","7"
112,"Calendar Gunfight","7"
367,"Goldmine Tycoon","7"
57,"Basic Easy","7"
12,"Alaska Phantom","7"
181,"Contact Anonymous","7"
78,"Blackout Private","7"
154,"Clash Freddy","7"
4,"Affair Prejudice","7"
234,"Disturbing Scarface","7"
677,"Pianist Outfield","7"
330,"Forrester Comancheros","7"
892,"Titanic Boondock","7"
902,"Trading Pinocchio","7"
270,"Earth Vision","7"
162,"Clueless Bucket","7"
625,"None Spiking","7"
970,"Westward Seabiscuit","7"
644,"Oscar Gold","7"
408,"Head Stranger","7"
735,"Robbers Joon","7"
502,"Knock Warlock","7"
982,"Women Dorado","7"
284,"Enemy Odds","7"
167,"Coma Head","7"
723,"Reign Gentlemen","7"
11,"Alamo Videotape","7"
263,"Durham Panky","7"
733,"River Outlaw","7"
464,"Intentions Empire","7"
471,"Island Exorcist","7"
875,"Talented Homicide","7"
879,"Telegraph Voyage","7"
319,"Fish Opus","7"
771,"Scorpion Apollo","7"
760,"Samurai Lion","7"
890,"Tights Dawn","7"
484,"Jerk Paycheck","7"
43,"Atlantis Cause","7"
366,"Goldfinger Sensibility","7"
895,"Tomorrow Hustler","7"
857,"Strictly Scarface","7"
843,"Steel Santa","7"
641,"Orange Grapes","7"
841,"Star Operation","7"
447,"Ice Crossing","7"
245,"Double Wrath","7"
665,"Patton Interview","7"
305,"Fatal Haunted","7"
624,"Nightmare Chill","7"
159,"Closer Bang","7"
143,"Chill Luck","7"
687,"Pocus Pulp","7"
304,"Fargo Gandhi","6"
437,"House Dynamite","6"
18,"Alter Victory","6"
6,"Agent Truman","6"
958,"Wardrobe Phantom","6"
363,"Go Purple","6"
433,"Horn Working","6"
512,"League Hellfighters","6"
314,"Fight Jawbreaker","6"
887,"Thief Pelican","6"
458,"Indian Love","6"
414,"Hellfighters Sierra","6"
486,"Jet Neighbors","6"
166,"Color Philadelphia","6"
130,"Celebrity Horn","6"
215,"Dawn Pond","6"
651,"Packer Madigan","6"
709,"Racer Egg","6"
672,"Perfect Groove","6"
864,"Sundance Invasion","6"
139,"Chasing Fight","6"
170,"Command Darling","6"
101,"Brotherhood Blanket","6"
481,"Jekyll Frogmen","6"
439,"Hunchback Impossible","6"
415,"High Encino","6"
976,"Wind Phantom","6"
395,"Handicap Boondock","6"
680,"Pinocchio Simon","6"
782,"Shakespeare Saddle","6"
689,"Pollock Deliverance","6"
300,"Falcon Volume","6"
575,"Midsummer Groundhog","6"
645,"Others Soup","6"
334,"Freddy Storm","6"
741,"Roman Punk","6"
67,"Berets Agent","6"
457,"Independence Hotel","6"
417,"Hills Neighbors","6"
281,"Encino Elf","6"
302,"Fantasia Park","6"
288,"Escape Metropolis","6"
21,"American Circus","6"
542,"Lust Lock","6"
820,"Sons Interview","6"
388,"Gunfight Moon","6"
97,"Bride Intrigue","6"
791,"Show Lord","6"
571,"Metal Armageddon","6"
329,"Forrest Sons","6"
676,"Philadelphia Wife","6"
995,"Yentl Idaho","6"
778,"Secrets Paradise","6"
551,"Maiden Home","6"
948,"Voice Peach","6"
706,"Queen Luke","6"
189,"Creatures Shakespeare","6"
616,"National Story","6"
648,"Outlaw Hanky","6"
936,"Vanishing Rocky","6"
981,"Wolves Desire","6"
249,"Dracula Crystal","6"
255,"Driving Polish","6"
55,"Barbarella Streetcar","6"
25,"Angels Life","6"
17,"Alone Trip","6"
972,"Whisperer Giant","6"
812,"Smoking Barbarella","6"
90,"Boulevard Mob","6"
79,"Blade Polish","6"
387,"Gun Bonnie","6"
690,"Pond Seattle","6"
524,"Lion Uncut","6"
494,"Karate Moon","6"
118,"Canyon Stock","6"
608,"Murder Antitrust","6"
429,"Honey Ties","6"
99,"Bringing Hysterical","6"
737,"Rock Instinct","6"
647,"Outfield Massacre","6"
504,"Kwai Homeward","6"
657,"Paradise Sabrina","6"
19,"Amadeus Holy","6"
351,"Gaslight Crusade","6"
116,"Candidate Perdition","6"
861,"Suit Walls","6"
267,"Eagles Panky","6"
491,"Jumping Wrath","6"
734,"Road Roxanne","6"
51,"Balloon Homeward","6"
436,"Hours Rage","6"
346,"Galaxy Sweethearts","6"
150,"Cider Desire","6"
784,"Shanghai Tycoon","6"
176,"Congeniality Quest","6"
129,"Cause Date","6"
768,"Scarface Bang","6"
838,"Stagecoach Armageddon","6"
149,"Christmas Moonshine","6"
280,"Empire Malkovich","6"
461,"Insects Stone","6"
619,"Neighbors Charade","6"
100,"Brooklyn Desert","6"
307,"Fellowship Autumn","6"
650,"Pacific Amistad","6"
986,"Wonka Sea","6"
710,"Rage Games","6"
800,"Sinners Atlantis","6"
204,"Dalmations Sweden","6"
456,"Inch Jet","6"
803,"Slacker Liaisons","6"
377,"Grease Youth","6"
681,"Pirates Roxanne","6"
303,"Fantasy Troopers","6"
785,"Shawshank Bubble","6"
643,"Orient Closer","6"
827,"Spice Sorority","6"
233,"Disciple Mother","6"
89,"Borrowers Bedazzled","6"
252,"Dream Pickup","6"
953,"Wait Cider","6"
416,"Highball Potter","6"
243,"Doors President","6"
603,"Movie Shakespeare","6"
772,"Sea Virgin","6"
724,"Remember Diary","6"
743,"Room Roman","6"
611,"Musketeers Wait","6"
865,"Sunrise League","6"
253,"Drifter Commandments","6"
327,"Fool Mockingbird","6"
183,"Conversation Downhill","6"
649,"Oz Liaisons","6"
930,"Vacation Boondock","6"
596,"Moonshine Cabin","6"
132,"Chainsaw Uptown","6"
514,"Lebowski Soldiers","6"
322,"Flatliners Killer","6"
292,"Excitement Eve","6"
445,"Hyde Doctor","6"
518,"Liaisons Sweet","6"
402,"Harper Dying","6"
527,"Lola Agent","6"
235,"Divide Monster","6"
562,"Masked Bubble","6"
147,"Chocolat Harry","6"
655,"Panther Reds","6"
989,"Working Microcosmos","6"
72,"Bill Others","6"
77,"Birds Perdition","6"
725,"Requiem Tycoon","6"
131,"Center Dinosaur","6"
326,"Flying Hook","6"
353,"Gentlemen Stage","6"
851,"Straight Hours","6"
45,"Attraction Newton","6"
61,"Beauty Grease","6"
859,"Sugar Wonka","6"
15,"Alien Center","6"
915,"Truman Crazy","6"
428,"Homicide Peach","6"
606,"Mummy Creatures","6"
313,"Fidelity Devil","6"
121,"Carol Texas","6"
222,"Desert Poseidon","6"
614,"Name Detective","6"
392,"Hall Cassidy","6"
777,"Secretary Rouge","6"
191,"Crooked Frogmen","6"
966,"Wedding Apollo","6"
49,"Badman Dawn","6"
580,"Mine Titans","6"
912,"Trojan Tomorrow","6"
938,"Velvet Terminator","6"
406,"Haunting Pianist","6"
309,"Feud Frogmen","6"
545,"Madness Attacks","6"
282,"Encounters Curtain","6"
269,"Earring Instinct","6"
759,"Salute Apollo","6"
117,"Candles Grapes","6"
707,"Quest Mussolini","6"
694,"Prejudice Oleander","6"
949,"Volcano Texas","6"
914,"Trouble Date","6"
506,"Lady Stage","6"
913,"Troopers Metal","6"
212,"Darn Forrester","5"
693,"Potter Connecticut","5"
668,"Peak Forever","5"
744,"Roots Remember","5"
138,"Chariots Conspiracy","5"
336,"French Holiday","5"
105,"Bull Shawshank","5"
275,"Egypt Tenenbaums","5"
763,"Satisfaction Confidential","5"
164,"Coast Rainbow","5"
937,"Varsity Trip","5"
74,"Birch Antitrust","5"
286,"Enough Raging","5"
141,"Chicago North","5"
623,"Newton Labyrinth","5"
557,"Manchurian Curtain","5"
917,"Tuxedo Mile","5"
324,"Flintstones Happiness","5"
95,"Breakfast Goldfinger","5"
453,"Image Princess","5"
26,"Annie Identity","5"
251,"Dragonfly Strangers","5"
805,"Sleepless Monsoon","5"
727,"Resurrection Silverado","5"
232,"Dirty Ace","5"
663,"Patient Sister","5"
271,"Easy Gladiator","5"
424,"Holocaust Highball","5"
664,"Patriot Roman","5"
173,"Confessions Maguire","5"
920,"Unbreakable Karate","5"
570,"Mermaid Insects","5"
944,"Virgin Daisy","5"
746,"Rouge Squad","5"
806,"Sleepy Japanese","5"
628,"Northwest Polish","5"
83,"Blues Instinct","5"
691,"Poseidon Forever","5"
602,"Mourning Purple","5"
877,"Taxi Kick","5"
574,"Midnight Westward","5"
44,"Attacks Hate","5"
344,"Fury Murder","5"
775,"Seattle Expecations","5"
380,"Greek Everyone","5"
59,"Bear Graceland","5"
496,"Kick Savannah","5"
906,"Tramp Others","5"
975,"Willow Tracy","5"
646,"Outbreak Divine","5"
666,"Paycheck Wait","5"
501,"Kissing Dolls","5"
158,"Clones Pinocchio","5"
227,"Details Packer","5"
381,"Grinch Massage","5"
56,"Barefoot Manchurian","5"
534,"Louisiana Harry","5"
165,"Coldblooded Darling","5"
123,"Casablanca Super","5"
807,"Sleuth Orient","5"
796,"Sierra Divide","5"
871,"Sweden Shining","5"
432,"Hope Tootsie","5"
483,"Jericho Mulan","5"
385,"Groundhog Uncut","5"
298,"Eyes Driving","5"
620,"Nemo Campus","5"
254,"Driver Annie","5"
829,"Spinal Rocky","5"
410,"Heaven Freedom","5"
637,"Open African","5"
704,"Pure Runner","5"
226,"Destiny Saturday","5"
925,"United Pilot","5"
420,"Holes Brannigan","5"
757,"Sagebrush Clueless","5"
924,"Unforgiven Zoolander","5"
373,"Graduate Lord","5"
894,"Tomatoes Hellfighters","5"
7,"Airplane Sierra","5"
478,"Jaws Harry","5"
967,"Weekend Personal","5"
462,"Insider Arizona","5"
155,"Cleopatra Devil","5"
54,"Banger Pinocchio","5"
747,"Roxanne Rebel","5"
511,"Lawrence Love","5"
438,"Human Graffiti","5"
898,"Tourist Pelican","5"
160,"Club Graffiti","5"
383,"Groove Fiction","5"
961,"Wash Heavenly","5"
696,"Pride Alamo","5"
140,"Cheaper Clyde","5"
797,"Silence Kane","5"
451,"Igby Maker","5"
631,"Novocaine Flight","5"
980,"Wizard Coldblooded","5"
293,"Exorcist Sting","5"
479,"Jedi Beneath","5"
354,"Ghost Groundhog","5"
716,"Reap Unfaithful","5"
560,"Mars Roman","5"
818,"Something Duck","5"
142,"Chicken Hellfighters","5"
536,"Lovely Jingle","5"
345,"Gables Metropolis","5"
988,"Worker Tarzan","5"
957,"War Notting","5"
23,"Anaconda Confessions","5"
963,"Watch Tracy","5"
463,"Instinct Airport","5"
465,"Interview Liaisons","5"
728,"Reunion Witches","5"
964,"Waterfront Deliverance","5"
9,"Alabama Devil","5"
488,"Joon Northwest","5"
175,"Confused Candles","5"
370,"Gorgeous Bingo","5"
776,"Secret Groundhog","5"
448,"Idaho Love","5"
739,"Rocky War","5"
294,"Expecations Natural","5"
216,"Day Unfaithful","5"
599,"Mother Oleander","5"
242,"Doom Dancing","5"
601,"Moulin Wake","5"
50,"Baked Cleopatra","5"
473,"Jacket Frisco","5"
862,"Summer Scarface","5"
610,"Music Boondock","5"
991,"Worst Banger","5"
999,"Zoolander Fiction","5"
184,"Core Suit","5"
578,"Million Ace","5"
583,"Mission Zoolander","5"
828,"Spiking Element","4"
70,"Bikini Borrowers","4"
946,"Virtual Spoilers","4"
929,"Usual Untouchables","4"
529,"Lonely Elephant","4"
42,"Artist Coldblooded","4"
113,"California Birds","4"
658,"Paris Weekend","4"
440,"Hunger Roof","4"
794,"Side Ark","4"
824,"Spartacus Cheaper","4"
357,"Gilbert Pelican","4"
241,"Donnie Alley","4"
13,"Ali Forever","4"
152,"Circus Youth","4"
186,"Craft Outfield","4"
27,"Anonymous Human","4"
58,"Beach Heartbreakers","4"
667,"Peach Innocent","4"
258,"Drums Dynamite","4"
84,"Boiled Dares","4"
276,"Element Freddy","4"
379,"Greedy Roots","4"
942,"Vietnam Smoochy","4"
589,"Modern Dorado","4"
567,"Meet Chocolate","4"
153,"Citizen Shrek","4"
214,"Daughter Madigan","4"
847,"Stock Glass","4"
532,"Loser Hustler","4"
519,"Liberty Magnificent","4"
840,"Stampede Disturbing","4"
3,"Adaptation Holes","4"
921,"Uncut Suicides","4"
296,"Express Lonely","4"
209,"Darkness War","4"
34,"Arabia Dogma","4"
526,"Lock Rear","4"
793,"Shrunk Divine","4"
194,"Crow Grease","4"
360,"Glass Dying","4"
629,"Notorious Reunion","4"
593,"Monterey Labyrinth","4"
474,"Jade Bunch","4"
969,"West Lion","4"
732,"Rings Heartbreakers","4"
855,"Streak Ridgemont","4"
626,"Noon Papi","4"
711,"Raging Airplane","4"
505,"Labyrinth League","4"
88,"Born Spinal","4"
328,"Forever Candidate","4"
717,"Rear Trading","4"
634,"Odds Boogie","4"
48,"Backlash Undefeated","4"
81,"Blindness Gun","4"
546,"Madre Gables","4"
686,"Pluto Oleander","4"
722,"Reef Salute","4"
573,"Microcosmos Paradise","4"
987,"Words Hunter","4"
250,"Dragon Squad","4"
962,"Wasteland Divine","4"
795,"Siege Madre","4"
809,"Slipper Fidelity","4"
585,"Mob Duffel","4"
8,"Airport Pollock","4"
908,"Trap Guys","4"
708,"Quills Bull","4"
455,"Impossible Prejudice","4"
396,"Hanging Deep","4"
854,"Strangers Graffiti","4"
389,"Gunfighter Mussolini","4"
916,"Turn Star","4"
65,"Behavior Runaway","4"
480,"Jeepers Wedding","4"
535,"Love Suicides","4"
832,"Splash Gump","4"
907,"Translation Summer","4"
939,"Vertigo Northwest","4"
813,"Smoochy Control","4"
333,"Freaky Pocus","4"
918,"Twisted Pirates","4"
430,"Hook Chariots","4"
207,"Dangerous Uptown","4"
881,"Temple Attraction","4"
544,"Madison Trap","4"
365,"Gold River","4"
618,"Necklace Outbreak","4"
308,"Ferris Mother","4"
137,"Charade Duffel","4"
24,"Analyze Hoosiers","4"
394,"Hamlet Wisdom","4"
272,"Edge Kissing","4"
867,"Super Wyoming","4"
190,"Creepers Kane","4"
858,"Submarine Bed","4"
919,"Tycoon Gathering","4"
932,"Valley Packer","4"
888,"Thin Sagebrush","4"
40,"Army Flintstones","4"
201,"Cyclone Family","4"
844,"Steers Armageddon","4"
446,"Hysterical Grail","4"
749,"Rules Human","4"
219,"Deep Crusade","4"
661,"Past Suicides","4"
896,"Tootsie Pilot","4"
597,"Moonwalker Fool","4"
886,"Theory Mermaid","4"
110,"Cabin Flash","4"
229,"Devil Desire","4"
788,"Ship Wonderland","4"
900,"Town Ark","4"
762,"Sassy Packer","4"
878,"Teen Apollo","4"
679,"Pilot Hoosiers","4"
729,"Rider Caddyshack","4"
821,"Sorority Queen","4"
736,"Robbery Bright","4"
85,"Bonnie Holocaust","4"
592,"Monster Spartacus","4"
927,"Uprising Uptown","4"
774,"Searchers Wait","4"
398,"Hanover Galaxy","4"
151,"Cincinatti Whisperer","4"
992,"Wrath Mile","4"
205,"Dances None","4"
673,"Personal Ladybugs","4"
783,"Shane Darkness","4"
598,"Mosquito Armageddon","4"
287,"Entrapment Satisfaction","4"
662,"Paths Control","4"
342,"Fugitive Maguire","4"
588,"Model Fish","4"
260,"Dude Blindness","4"
423,"Hollywood Anonymous","4"
654,"Panky Submarine","4"
549,"Magnolia Forrester","4"
765,"Saturn Name","4"
552,"Majestic Floats","4"
299,"Factory Dragon","4"
169,"Comforts Rush","4"
92,"Bowfinger Gables","4"
971,"Whale Bikini","4"
660,"Party Knock","4"
236,"Divine Resurrection","4"
561,"Mask Peach","4"
291,"Evolution Alter","4"
842,"State Wasteland","4"
705,"Purple Movie","4"
427,"Homeward Cider","4"
347,"Games Bowfinger","4"
179,"Conquerer Nuts","4"
321,"Flash Wars","4"
133,"Chamber Italian","4"
600,"Motions Details","4"
203,"Daisy Menagerie","4"
71,"Bilko Anonymous","4"
68,"Betrayed Rear","4"
80,"Blanket Beverly","4"
323,"Flight Lies","4"
348,"Gandhi Kwai","4"
337,"Frida Slipper","4"
615,"Nash Chocolat","4"
452,"Illusion Amelie","4"
798,"Silverado Goldfinger","4"
830,"Spirit Flintstones","4"
678,"Pickup Driving","4"
510,"Lawless Vision","4"
63,"Bedazzled Married","4"
956,"Wanda Chamber","4"
882,"Tenenbaums Command","4"
213,"Date Speed","4"
352,"Gathering Calendar","4"
688,"Polish Brooklyn","4"
265,"Dying Maker","4"
111,"Caddyshack Jedi","4"
16,"Alley Evolution","4"
568,"Memento Zoolander","4"
421,"Holiday Games","4"
449,"Identity Lover","4"
652,"Pajama Jawbreaker","4"
831,"Spirited Casualties","3"
792,"Shrek License","3"
872,"Sweet Brotherhood","3"
538,"Loverboy Attacks","3"
640,"Opus Ice","3"
617,"Natural Stock","3"
819,"Song Hedwig","3"
426,"Home Pity","3"
66,"Beneath Rush","3"
364,"Godfather Diary","3"
714,"Random Go","3"
968,"Werewolf Lola","3"
96,"Breaking Home","3"
75,"Bird Independence","3"
766,"Savannah Town","3"
187,"Cranes Reservoir","3"
587,"Mod Secretary","3"
700,"Prix Undefeated","3"
493,"Kane Exorcist","3"
257,"Drumline Cyclone","3"
482,"Jeopardy Encino","3"
509,"Language Cowboy","3"
550,"Maguire Apache","3"
477,"Jawbreaker Brooklyn","3"
208,"Dares Pluto","3"
157,"Clockwork Paradise","3"
246,"Doubtfire Labyrinth","3"
533,"Lost Bird","3"
64,"Beethoven Exorcist","3"
848,"Stone Fire","3"
134,"Champion Flatliners","3"
225,"Destination Jerk","3"
834,"Spoilers Hellfighters","3"
564,"Massage Image","3"
371,"Gosford Donnie","3"
104,"Bugsy Song","3"
960,"Wars Pluto","3"
338,"Frisco Forrest","3"
604,"Mulan Moon","3"
2,"Ace Goldfinger","3"
306,"Feathers Metal","3"
487,"Jingle Sagebrush","3"
413,"Hedwig Alter","3"
627,"North Tequila","3"
636,"Oleander Clue","3"
98,"Bright Encounters","3"
889,"Ties Hunger","3"
60,"Beast Hunchback","3"
934,"Vanilla Day","3"
692,"Potluck Mixed","3"
581,"Minority Kiss","3"
994,"Wyoming Storm","3"
503,"Kramer Chocolate","3"
339,"Frogmen Breaking","3"
315,"Finding Anaconda","3"
740,"Rollercoaster Bringing","3"
591,"Monsoon Cause","3"
884,"Terminator Club","3"
93,"Brannigan Sunrise","3"
537,"Lover Truman","3"
952,"Wagon Jaws","3"
283,"Ending Crowds","3"
5,"African Egg","3"
210,"Darko Dorado","3"
240,"Dolls Rage","3"
188,"Crazy Home","3"
20,"Amelie Hellfighters","3"
577,"Mile Mulan","3"
780,"Sensibility Rear","3"
76,"Birdcage Casper","3"
836,"Squad Fish","3"
508,"Lambs Cincinatti","3"
431,"Hoosiers Birdcage","3"
146,"Chitty Lock","3"
758,"Saints Bride","3"
837,"Stage World","3"
384,"Grosse Wonderful","3"
899,"Towers Hurricane","3"
815,"Snatchers Montezuma","3"
120,"Caribbean Liberty","3"
442,"Hunting Musketeers","3"
933,"Vampire Whale","3"
756,"Saddle Antitrust","3"
124,"Casper Dragonfly","3"
632,"Nuts Ties","3"
390,"Guys Falcon","3"
726,"Reservoir Adaptation","3"
126,"Casualties Encino","3"
469,"Iron Moon","3"
202,"Daddy Pittsburgh","3"
905,"Trainspotting Strangers","3"
312,"Fiddler Lost","3"
923,"Unfaithful Kill","3"
761,"Santa Paris","3"
940,"Victory Academy","3"
978,"Wisdom Worker","3"
28,"Anthem Luke","3"
868,"Superfly Trip","3"
639,"Opposite Necklace","3"
770,"Scissorhands Slums","3"
682,"Pittsburgh Hunchback","3"
516,"Legend Jedi","3"
853,"Stranger Strangers","3"
811,"Smile Earring","3"
528,"Lolita World","3"
576,"Mighty Luck","3"
977,"Window Side","3"
553,"Maker Gables","3"
530,"Lord Arizona","3"
750,"Run Pacific","3"
540,"Lucky Flying","3"
163,"Clyde Theory","3"
787,"Shining Roses","3"
630,"Notting Speakeasy","3"
277,"Elephant Trojan","3"
290,"Everyone Craft","3"
674,"Pet Haunting","3"
928,"Uptown Young","3"
983,"Won Dares","3"
46,"Autumn Crow","3"
633,"October Submarine","3"
485,"Jersey Sassy","3"
752,"Runner Madigan","3"
136,"Chaplin License","3"
145,"Chisum Behavior","3"
931,"Valentine Vanishing","3"
825,"Speakeasy Date","3"
731,"Right Cranes","3"
177,"Connecticut Tramp","3"
256,"Drop Waterfront","3"
594,"Montezuma Command","3"
180,"Conspiracy Spirit","2"
513,"Leathernecks Dwarfs","2"
425,"Holy Tadpole","2"
653,"Panic Club","2"
548,"Magnificent Chitty","2"
656,"Papi Necklace","2"
826,"Speed Suit","2"
996,"Young Language","2"
612,"Mussolini Spoilers","2"
368,"Gone Trouble","2"
635,"Oklahoma Jumanji","2"
405,"Haunted Antitrust","2"
499,"King Evolution","2"
539,"Luck Opus","2"
523,"Lights Deer","2"
959,"Warlock Werewolf","2"
622,"Newsies Story","2"
340,"Frontier Cabin","2"
817,"Soldiers Evolution","2"
435,"Hotel Happiness","2"
264,"Dwarfs Alter","2"
675,"Phantom Glory","2"
107,"Bunch Minds","2"
839,"Stallion Sundance","2"
582,"Miracle Virtual","2"
605,"Mulholland Beast","2"
466,"Intolerable Intentions","2"
935,"Vanished Garden","2"
541,"Luke Mummy","2"
520,"License Weekend","2"
62,"Bed Highball","2"
910,"Treatment Jekyll","2"
751,"Runaway Tenenbaums","2"
237,"Divorce Shining","2"
29,"Antitrust Tomatoes","2"
53,"Bang Kwai","2"
998,"Zhivago Core","2"
262,"Dumbo Lust","2"
197,"Crusade Honey","2"
695,"President Bang","2"
566,"Maude Mod","2"
182,"Control Anthem","2"
125,"Cassidy Wyoming","2"
565,"Matrix Snowman","2"
454,"Impact Aladdin","2"
261,"Duffel Apocalypse","2"
475,"Japanese Run","2"
399,"Happiness United","2"
156,"Clerks Angels","2"
238,"Doctor Grail","2"
781,"Seven Swarm","2"
543,"Madigan Dorado","2"
32,"Apocalypse Flamingos","2"
94,"Braveheart Human","2"
547,"Magic Mallrats","2"
248,"Dozen Lion","2"
719,"Records Zorro","2"
613,"Mystic Truman","2"
492,"Jungle Closer","2"
459,"Informer Double","2"
196,"Cruelty Unforgiven","2"
699,"Private Drop","2"
268,"Early Home","2"
102,"Bubble Grosse","2"
224,"Desperate Trainspotting","2"
569,"Menagerie Rushmore","2"
779,"Sense Greek","2"
903,"Traffic Hobbit","2"
185,"Cowboy Doom","2"
161,"Clue Grail","2"
584,"Mixed Doors","2"
310,"Fever Empire","2"
721,"Reds Pocus","2"
876,"Tarzan Videotape","2"
279,"Elizabeth Shane","2"
558,"Mannequin Worst","2"
883,"Tequila Past","2"
52,"Ballroom Mockingbird","2"
168,"Comancheros Enemy","2"
498,"Killer Innocent","2"
82,"Blood Argonauts","2"
990,"World Leathernecks","2"
355,"Ghostbusters Elf","2"
685,"Platoon Instinct","2"
659,"Park Citizen","2"
400,"Hardly Robbers","2"
490,"Jumanji Blade","2"
316,"Fire Wolves","2"
289,"Eve Resurrection","2"
754,"Rushmore Mermaid","2"
866,"Sunset Racer","2"
393,"Halloween Nuts","2"
904,"Train Bunch","2"
684,"Pizza Jumanji","2"
401,"Harold French","2"
178,"Connection Microcosmos","2"
106,"Bulworth Commandments","2"
407,"Hawk Chill","2"
278,"Elf Murder","2"
47,"Baby Hall","2"
822,"Soup Wisdom","2"
718,"Rebel Airport","2"
372,"Graceland Dynamite","2"
947,"Vision Torque","2"
411,"Heavenly Gun","2"
230,"Diary Panic","2"
335,"Freedom Cleopatra","2"
223,"Desire Alien","2"
997,"Youth Kick","2"
808,"Sling Luke","2"
441,"Hunter Alter","2"
522,"Life Twisted","2"
343,"Full Flatliners","2"
984,"Wonderful Drop","2"
515,"Legally Secretary","2"
472,"Italian African","2"
974,"Wild Apollo","2"
297,"Extraordinary Conquerer","2"
30,"Anything Savannah","2"
965,"Watership Frontier","2"
259,"Duck Racer","2"
507,"Ladybugs Armageddon","2"
703,"Punk Divorce","2"
885,"Texas Watch","2"
375,"Grail Frankenstein","2"
362,"Glory Tracy","2"
211,"Darling Breaking","2"
799,"Simon North","2"
422,"Hollow Jeopardy","2"
517,"Lesson Cleopatra","2"
470,"Ishtar Rocketeer","2"
769,"School Jacket","2"
926,"Untouchables Sunrise","2"
